asset_id,category,asset_name,recommended_implementation,priority,states_variants,current_status,notes,unity_path,guid,width,height,alpha,origin
BR-001,Branding & identity,Primary logo,2D sprite / branding,P0,"main, monochrome, dark-bg, light-bg",existing_concept,"Needs export-safe variants for menu, splash and icon use.",Assets/ProjectOEN/GeneratedArtRuntime256/branding_identity/br_001_primary_logo.png,b9e3b4b58d18d30b8ec355669ddfa39f,256,256,True,generated_runtime_sprite
BR-002,Branding & identity,Secondary logo / wordmark,2D sprite,P1,"horizontal, stacked",missing,Useful for marketing and title screen layouts.,Assets/ProjectOEN/GeneratedArtRuntime256/branding_identity/br_002_secondary_logo_wordmark.png,02e92f2ccb3a9ba0c6df02cea4fa7b8b,256,256,True,generated_runtime_sprite
BR-003,Branding & identity,App icon emblem,2D sprite,P0,"full color, mono, mask-safe",missing,For launcher/app identity.,Assets/ProjectOEN/GeneratedArtRuntime256/branding_identity/br_003_app_icon_emblem.png,0629a83257e545217767551d32be475e,256,256,True,generated_runtime_sprite
BR-004,Branding & identity,Faction / scenario stamp,2D sprite,P2,"clean, distressed",missing,Optional seal for journals and cards.,Assets/ProjectOEN/GeneratedArtRuntime256/branding_identity/br_004_faction_scenario_stamp.png,e7ac0e8df7c1de86ec423fae297ae238,256,256,True,generated_runtime_sprite
BR-005,Branding & identity,Title screen backdrop frame,UI frame,P1,"dark, storm, neutral",missing,Decorative title framing.,Assets/ProjectOEN/GeneratedArtRuntime256/branding_identity/br_005_title_screen_backdrop_frame.png,7dce833b418f69712819e69de4ec17e0,256,256,True,generated_runtime_sprite
BR-006,Branding & identity,Loading screen title lockup,UI graphic,P1,"default, storm",missing,Canonical loading screen treatment.,Assets/ProjectOEN/GeneratedArtRuntime256/branding_identity/br_006_loading_screen_title_lockup.png,e76c11328409fa33f31a3ab497de6ca0,256,256,True,generated_runtime_sprite
BR-007,Branding & identity,Typography ornament set,2D UI ornament,P2,"dividers, corners, lines",missing,For journal and panels.,Assets/ProjectOEN/GeneratedArtRuntime256/branding_identity/br_007_typography_ornament_set.png,645f2f1c0360816ea470fa088aefc967,256,256,True,generated_runtime_sprite
BR-008,Branding & identity,Chapter / day badge set,UI badge,P0,"Day 1, Day 2, Day 3, Stormnatten",missing,Needed for scenario progression.,Assets/ProjectOEN/GeneratedArtRuntime256/branding_identity/br_008_chapter_day_badge_set.png,57f776edfcd261aaf8927371d510402e,256,256,True,generated_runtime_sprite
UI-001,Wrist UI & player status,Wrist device base frame,Diegetic UI,P0,"idle, hover, active",missing,Canonical player-status container.,Assets/ProjectOEN/GeneratedArtRuntime256/wrist_ui_player_status/ui_001_wrist_device_base_frame.png,8ff9fc8604213f25e750dce3832c7580,256,256,True,generated_runtime_sprite
UI-002,Wrist UI & player status,Health icon,Icon sprite,P0,"normal, low, critical",existing_concept,Heart icon exists as concept; needs production-ready set.,Assets/ProjectOEN/GeneratedArtRuntime256/wrist_ui_player_status/ui_002_health_icon.png,2382aa1a29d9fb575ffae147d6a6409c,256,256,True,generated_runtime_sprite
UI-003,Wrist UI & player status,Fatigue icon,Icon sprite,P0,"normal, tired, exhausted",missing,Canonical fatigue status.,Assets/ProjectOEN/GeneratedArtRuntime256/wrist_ui_player_status/ui_003_fatigue_icon.png,614da0beac04d70d3da638f7818a1d4e,256,256,True,generated_runtime_sprite
UI-004,Wrist UI & player status,Cold/Wet icon,Icon sprite,P0,"dry, wet, freezing",existing_concept,Lightning/weather icon may inform style; needs canonical cold/wet icon.,Assets/ProjectOEN/GeneratedArtRuntime256/wrist_ui_player_status/ui_004_cold_wet_icon.png,5843bb9a0a49a9f6701fa65e535a9483,256,256,True,generated_runtime_sprite
UI-005,Wrist UI & player status,Injury icon,Icon sprite,P0,"minor, severe, critical",existing_concept,Medical cross exists as concept; needs state variants.,Assets/ProjectOEN/GeneratedArtRuntime256/wrist_ui_player_status/ui_005_injury_icon.png,f729dae396429a6ce566cf56f7024d2f,256,256,True,generated_runtime_sprite
UI-006,Wrist UI & player status,Status ring background,UI sprite,P0,"full, half, low",missing,Radial or segmented status representation.,Assets/ProjectOEN/GeneratedArtRuntime256/wrist_ui_player_status/ui_006_status_ring_background.png,0a7ad387d8c45d3dee8710df0214b7e7,256,256,True,generated_runtime_sprite
UI-007,Wrist UI & player status,Player 1 identifier,UI marker,P0,"P1, highlighted",missing,Co-op readability.,Assets/ProjectOEN/GeneratedArtRuntime256/wrist_ui_player_status/ui_007_player_1_identifier.png,3e868001eb9b9e55a62c6ad8bc60223a,256,256,True,generated_runtime_sprite
UI-008,Wrist UI & player status,Player 2 identifier,UI marker,P0,"P2, highlighted",missing,Co-op readability.,Assets/ProjectOEN/GeneratedArtRuntime256/wrist_ui_player_status/ui_008_player_2_identifier.png,852ef7edef79a7ea86dac45c70800146,256,256,True,generated_runtime_sprite
UI-009,Wrist UI & player status,Condition alert pulse,UI effect sprite,P1,"warning, danger",missing,Lightweight alert overlay.,Assets/ProjectOEN/GeneratedArtRuntime256/wrist_ui_player_status/ui_009_condition_alert_pulse.png,f1c6783055d60497a4c0e5c6c68c6cac,256,256,True,generated_runtime_sprite
UI-010,Wrist UI & player status,Object held indicator,UI marker,P1,"held, shared-carry",missing,For co-op carry actions.,Assets/ProjectOEN/GeneratedArtRuntime256/wrist_ui_player_status/ui_010_object_held_indicator.png,8d83acb9134b8a9897a8a535fe82230b,256,256,True,generated_runtime_sprite
UI-011,Wrist UI & player status,Radio signal icon,Icon sprite,P1,"offline, weak, good",missing,Radio state.,Assets/ProjectOEN/GeneratedArtRuntime256/wrist_ui_player_status/ui_011_radio_signal_icon.png,2f2ce0e354d0456de57d6956d410ab6a,256,256,True,generated_runtime_sprite
UI-012,Wrist UI & player status,Shelter integrity icon,Icon sprite,P0,"intact, weakened, damaged",missing,Camp summary on diegetic displays.,Assets/ProjectOEN/GeneratedArtRuntime256/wrist_ui_player_status/ui_012_shelter_integrity_icon.png,e595b05755bebd4bfc5e9664bd96f87d,256,256,True,generated_runtime_sprite
UI-013,Wrist UI & player status,Fire strength icon,Icon sprite,P0,"out, ember, low, strong",missing,Camp summary on diegetic displays.,Assets/ProjectOEN/GeneratedArtRuntime256/wrist_ui_player_status/ui_013_fire_strength_icon.png,581202822f0bc2a34046c3372ae874e9,256,256,True,generated_runtime_sprite
UI-014,Wrist UI & player status,Signal progress icon,Icon sprite,P0,"none, partial, ready, active",missing,Camp summary / goal status.,Assets/ProjectOEN/GeneratedArtRuntime256/wrist_ui_player_status/ui_014_signal_progress_icon.png,acb824636f1760d87484f151294874aa,256,256,True,generated_runtime_sprite
PL-001,Planning board & phase UI,Planning board base,Diegetic UI panel,P0,"empty, populated",missing,Central planning phase surface.,Assets/ProjectOEN/GeneratedArtRuntime256/planning_board_phase_ui/pl_001_planning_board_base.png,12c79093d734a880cce6fa708c26d944,256,256,True,generated_runtime_sprite
PL-002,Planning board & phase UI,Time slots track,UI board element,P0,"4 slots, spent state",missing,Core planning mechanic.,Assets/ProjectOEN/GeneratedArtRuntime256/planning_board_phase_ui/pl_002_time_slots_track.png,e7e199ff47ae04d7500a5652d343388a,256,256,True,generated_runtime_sprite
PL-003,Planning board & phase UI,Action token – gather,Board token,P0,"idle, selected, placed",missing,Physical action token.,Assets/ProjectOEN/GeneratedArtRuntime256/planning_board_phase_ui/pl_003_action_token_gather.png,c50f79fe81a01931f40d5c7818619454,256,256,True,generated_runtime_sprite
PL-004,Planning board & phase UI,Action token – build,Board token,P0,"idle, selected, placed",missing,Physical action token.,Assets/ProjectOEN/GeneratedArtRuntime256/planning_board_phase_ui/pl_004_action_token_build.png,cfc467c4375dd6073c3c9f38340d600c,256,256,True,generated_runtime_sprite
PL-005,Planning board & phase UI,Action token – scout,Board token,P0,"idle, selected, placed",missing,Physical action token.,Assets/ProjectOEN/GeneratedArtRuntime256/planning_board_phase_ui/pl_005_action_token_scout.png,b7f472fcb2b0f7f2353874f54823a943,256,256,True,generated_runtime_sprite
PL-006,Planning board & phase UI,Action token – repair,Board token,P0,"idle, selected, placed",missing,Physical action token.,Assets/ProjectOEN/GeneratedArtRuntime256/planning_board_phase_ui/pl_006_action_token_repair.png,4adc75fc4e9e91e44887a6ea37407faa,256,256,True,generated_runtime_sprite
PL-007,Planning board & phase UI,Risk marker set,Board token,P1,"low, medium, high",missing,Used for consequence communication.,Assets/ProjectOEN/GeneratedArtRuntime256/planning_board_phase_ui/pl_007_risk_marker_set.png,b0297c5f61eaea05fa4a27e42e863aad,256,256,True,generated_runtime_sprite
PL-008,Planning board & phase UI,Camp summary board card,Board card,P0,"health, shelter, fire, signal",missing,Core planning summary.,Assets/ProjectOEN/GeneratedArtRuntime256/planning_board_phase_ui/pl_008_camp_summary_board_card.png,689f152e63776422149ac6333235863c,256,256,True,generated_runtime_sprite
PL-009,Planning board & phase UI,Weather card set,Board card,P1,"clear, rain, storm, lightning",missing,Optional scenario communication.,Assets/ProjectOEN/GeneratedArtRuntime256/planning_board_phase_ui/pl_009_weather_card_set.png,41f177b2eaca3ab1138ba61a0c493bc3,256,256,True,generated_runtime_sprite
PL-010,Planning board & phase UI,Objective card set,Board card,P0,"current objective, optional objective",missing,Goal communication.,Assets/ProjectOEN/GeneratedArtRuntime256/planning_board_phase_ui/pl_010_objective_card_set.png,716d4b79c5661fa39290b2b85940cd4a,256,256,True,generated_runtime_sprite
PL-011,Planning board & phase UI,Resource requirement pips,Board icon set,P0,"wood, rope, fuel, food, parts",missing,Small board UI tokens.,Assets/ProjectOEN/GeneratedArtRuntime256/planning_board_phase_ui/pl_011_resource_requirement_pips.png,a838d8b0eff6ad0714d727f1102dec7b,256,256,True,generated_runtime_sprite
PL-012,Planning board & phase UI,Consequences reveal panel,Board panel,P1,"hidden, reveal",missing,Stormnatten delayed consequence presentation.,Assets/ProjectOEN/GeneratedArtRuntime256/planning_board_phase_ui/pl_012_consequences_reveal_panel.png,645ae788534b537eeca937da236ce958,256,256,True,generated_runtime_sprite
RS-001,Resource icons & inventory support,Wood resource icon,Icon sprite,P0,"single, stack",missing,Core resource.,Assets/ProjectOEN/GeneratedArtRuntime256/resource_icons_inventory_support/rs_001_wood_resource_icon.png,d19483ecaa747d7a4cefcbbc0b6f00dd,256,256,True,generated_runtime_sprite
RS-002,Resource icons & inventory support,Wet wood icon,Icon sprite,P0,"single, stack",missing,Affects fire/shelter systems.,Assets/ProjectOEN/GeneratedArtRuntime256/resource_icons_inventory_support/rs_002_wet_wood_icon.png,ec900d03f65226ae8e14b9003df7e905,256,256,True,generated_runtime_sprite
RS-003,Resource icons & inventory support,Rope resource icon,Icon sprite,P0,"single, coil",missing,Core resource.,Assets/ProjectOEN/GeneratedArtRuntime256/resource_icons_inventory_support/rs_003_rope_resource_icon.png,818c014d7e5b4a8849e817a5f3529de5,256,256,True,generated_runtime_sprite
RS-004,Resource icons & inventory support,Fiber / vines icon,Icon sprite,P1,"single, bundle",missing,Crafting material.,Assets/ProjectOEN/GeneratedArtRuntime256/resource_icons_inventory_support/rs_004_fiber_vines_icon.png,defa204b405ffa3a581f3897064b1ebb,256,256,True,generated_runtime_sprite
RS-005,Resource icons & inventory support,Leaves / palm fronds icon,Icon sprite,P1,"single, bundle",missing,Shelter material.,Assets/ProjectOEN/GeneratedArtRuntime256/resource_icons_inventory_support/rs_005_leaves_palm_fronds_icon.png,82bfae34da9ab88d2bdecc8da9ce2cdd,256,256,True,generated_runtime_sprite
RS-006,Resource icons & inventory support,Stone resource icon,Icon sprite,P1,"single, stack",missing,Campfire/base construction.,Assets/ProjectOEN/GeneratedArtRuntime256/resource_icons_inventory_support/rs_006_stone_resource_icon.png,6d6bf746e48879f6236dcb6705e0723d,256,256,True,generated_runtime_sprite
RS-007,Resource icons & inventory support,Fuel / tinder icon,Icon sprite,P0,"single, bundle",missing,Fire startup.,Assets/ProjectOEN/GeneratedArtRuntime256/resource_icons_inventory_support/rs_007_fuel_tinder_icon.png,a4c0c0d3270a8a820c511673eb0065f8,256,256,True,generated_runtime_sprite
RS-008,Resource icons & inventory support,Food ration icon,Icon sprite,P1,"single, bundle",missing,Scenario flavor / support.,Assets/ProjectOEN/GeneratedArtRuntime256/resource_icons_inventory_support/rs_008_food_ration_icon.png,2c4010e9ab55ab4339d59a8fca5c7fae,256,256,True,generated_runtime_sprite
RS-009,Resource icons & inventory support,Water icon,Icon sprite,P1,"full, half, empty",missing,Can appear on containers / UI.,Assets/ProjectOEN/GeneratedArtRuntime256/resource_icons_inventory_support/rs_009_water_icon.png,7434de13c215723170c0825c4d496254,256,256,True,generated_runtime_sprite
RS-010,Resource icons & inventory support,Radio parts icon,Icon sprite,P0,"single, bundle",missing,Repair goal.,Assets/ProjectOEN/GeneratedArtRuntime256/resource_icons_inventory_support/rs_010_radio_parts_icon.png,8b9a1775fa2452500934cb114fe76a70,256,256,True,generated_runtime_sprite
RS-011,Resource icons & inventory support,Cloth / rag icon,Icon sprite,P1,"single, bundle",missing,Repair / fuel material.,Assets/ProjectOEN/GeneratedArtRuntime256/resource_icons_inventory_support/rs_011_cloth_rag_icon.png,3c87365c4bc503264e324d43f05252b4,256,256,True,generated_runtime_sprite
RS-012,Resource icons & inventory support,Metal scrap icon,Icon sprite,P1,"single, stack",missing,Repair material.,Assets/ProjectOEN/GeneratedArtRuntime256/resource_icons_inventory_support/rs_012_metal_scrap_icon.png,1744391f2a4060983eae4b639fed9588,256,256,True,generated_runtime_sprite
RS-013,Resource icons & inventory support,Medicinal herb icon,Icon sprite,P2,"single, bundle",missing,Optional support item.,Assets/ProjectOEN/GeneratedArtRuntime256/resource_icons_inventory_support/rs_013_medicinal_herb_icon.png,a958240489ad96b80a64eadc6074416f,256,256,True,generated_runtime_sprite
RS-014,Resource icons & inventory support,Torch fuel icon,Icon sprite,P2,"single, bottle",missing,Optional support item.,Assets/ProjectOEN/GeneratedArtRuntime256/resource_icons_inventory_support/rs_014_torch_fuel_icon.png,4fb4788cc7b1ee9ce7685a6e45e9029b,256,256,True,generated_runtime_sprite
RS-015,Resource icons & inventory support,Signal material icon,Icon sprite,P0,"single, stack",missing,Beacon build progress.,Assets/ProjectOEN/GeneratedArtRuntime256/resource_icons_inventory_support/rs_015_signal_material_icon.png,487a0c283f1d35d88ad1d9c6f9f28288,256,256,True,generated_runtime_sprite
RS-016,Resource icons & inventory support,Camp supplies crate icon,Icon sprite,P1,"closed, open",missing,Planning/inventory feedback.,Assets/ProjectOEN/GeneratedArtRuntime256/resource_icons_inventory_support/rs_016_camp_supplies_crate_icon.png,94a81ce3fa570ff801b91b3e378a4c3e,256,256,True,generated_runtime_sprite
RS-017,Resource icons & inventory support,Carried weight icon,Icon sprite,P1,"light, medium, heavy",missing,Shared-carry / object heft.,Assets/ProjectOEN/GeneratedArtRuntime256/resource_icons_inventory_support/rs_017_carried_weight_icon.png,413e46039af35b040e0580a4f1602d5a,256,256,True,generated_runtime_sprite
RS-018,Resource icons & inventory support,Wetness droplet icon,Icon sprite,P1,"light, medium, high",missing,Feedback for objects/weather.,Assets/ProjectOEN/GeneratedArtRuntime256/resource_icons_inventory_support/rs_018_wetness_droplet_icon.png,923434e11101982248dd1bd6c3d55503,256,256,True,generated_runtime_sprite
RS-019,Resource icons & inventory support,Durability pip set,UI sprite set,P1,"full, medium, low",missing,Shared for items.,Assets/ProjectOEN/GeneratedArtRuntime256/resource_icons_inventory_support/rs_019_durability_pip_set.png,4fee26381decb07616c3263a8791d970,256,256,True,generated_runtime_sprite
RS-020,Resource icons & inventory support,Quantity counter frame,UI frame,P1,"1-digit, 2-digit",missing,Inventory counts.,Assets/ProjectOEN/GeneratedArtRuntime256/resource_icons_inventory_support/rs_020_quantity_counter_frame.png,c7af09e57986e5603f8aebc0dbc40ace,256,256,True,generated_runtime_sprite
PR-001,Props & tools,Tarp / presenning,3D prop + texture ref,P0,"folded, placed, damaged, wet",existing_concept,Needs production variants.,Assets/ProjectOEN/GeneratedArtRuntime256/props_tools/pr_001_tarp_presenning.png,c5018a59bb684b639dc0c1bcda167493,256,256,True,generated_runtime_sprite
PR-002,Props & tools,Rope coil,3D prop + texture ref,P0,"loose, carried, placed",missing,Core prop.,Assets/ProjectOEN/GeneratedArtRuntime256/props_tools/pr_002_rope_coil.png,fff998c0e40b73c91155dcc48384de16,256,256,True,generated_runtime_sprite
PR-003,Props & tools,Wood poles bundle,3D prop + texture ref,P0,"bundle, placed, damaged",existing_concept,Core prop.,Assets/ProjectOEN/GeneratedArtRuntime256/props_tools/pr_003_wood_poles_bundle.png,04437d99d0b78efe6a5d0dcb7acaba0f,256,256,True,generated_runtime_sprite
PR-004,Props & tools,Supply crate,3D prop + texture ref,P0,"closed, open, broken",existing_concept,Core prop.,Assets/ProjectOEN/GeneratedArtRuntime256/props_tools/pr_004_supply_crate.png,d5bb861c508f37a858cc1e1f0da4487b,256,256,True,generated_runtime_sprite
PR-005,Props & tools,Portable radio,3D prop + texture ref,P0,"off, active, broken, repaired",existing_concept,Quest interaction hero prop.,Assets/ProjectOEN/GeneratedArtRuntime256/props_tools/pr_005_portable_radio.png,5f892fd7723addabe653719037da503a,256,256,True,generated_runtime_sprite
PR-006,Props & tools,First-aid kit,3D prop + texture ref,P1,"closed, open",existing_concept,Support prop.,Assets/ProjectOEN/GeneratedArtRuntime256/props_tools/pr_006_first_aid_kit.png,7fe085a37d8a8d06598f85abbf5605e8,256,256,True,generated_runtime_sprite
PR-007,Props & tools,Metal canteen,3D prop + texture ref,P1,"full, empty",existing_concept,Support prop.,Assets/ProjectOEN/GeneratedArtRuntime256/props_tools/pr_007_metal_canteen.png,1f3007c784f10f7c79d85401782179ce,256,256,True,generated_runtime_sprite
PR-008,Props & tools,Oil lantern,3D prop + texture ref,P1,"off, lit",existing_concept,Night readability prop.,Assets/ProjectOEN/GeneratedArtRuntime256/props_tools/pr_008_oil_lantern.png,62baa7756c75cdeaac0185a5bf68bac2,256,256,True,generated_runtime_sprite
PR-009,Props & tools,Torch,3D prop + texture ref,P1,"unlit, lit, dying",missing,Exploration support.,Assets/ProjectOEN/GeneratedArtRuntime256/props_tools/pr_009_torch.png,a1b0909a7e2afd55181bc58979b2218e,256,256,True,generated_runtime_sprite
PR-010,Props & tools,Stone pile,3D prop + texture ref,P1,"small, medium, large",missing,Campfire / construction material.,Assets/ProjectOEN/GeneratedArtRuntime256/props_tools/pr_010_stone_pile.png,8f068fcaaa360cf5138f5ceeed18e17f,256,256,True,generated_runtime_sprite
PR-011,Props & tools,Palm leaf pile,3D prop + texture ref,P1,"small, medium",missing,Shelter build material.,Assets/ProjectOEN/GeneratedArtRuntime256/props_tools/pr_011_palm_leaf_pile.png,6187cdb2721723cab41a221b5cf51dd5,256,256,True,generated_runtime_sprite
PR-012,Props & tools,Scrap metal bundle,3D prop + texture ref,P1,"small, medium",missing,Radio repair resource.,Assets/ProjectOEN/GeneratedArtRuntime256/props_tools/pr_012_scrap_metal_bundle.png,6530bfec7cdc0d296f7bf3bcbfed5670,256,256,True,generated_runtime_sprite
PR-013,Props & tools,Cloth bundle,3D prop + texture ref,P1,"small, medium",missing,Repair / tinder prop.,Assets/ProjectOEN/GeneratedArtRuntime256/props_tools/pr_013_cloth_bundle.png,132f5c22f319ffe9580895152f04bb8f,256,256,True,generated_runtime_sprite
PR-014,Props & tools,Signal flag / cloth strip,3D prop + texture ref,P1,"clean, worn, storm-damaged",missing,Beacon dressing.,Assets/ProjectOEN/GeneratedArtRuntime256/props_tools/pr_014_signal_flag_cloth_strip.png,66c680537c9982b00c6ba477c4900f23,256,256,True,generated_runtime_sprite
PR-015,Props & tools,Cook pot,3D prop + texture ref,P2,"empty, cooking",missing,Camp detail.,Assets/ProjectOEN/GeneratedArtRuntime256/props_tools/pr_015_cook_pot.png,c5c4d73b523dec1a1e9f8c45c3d3791f,256,256,True,generated_runtime_sprite
PR-016,Props & tools,Water collector,3D prop + texture ref,P1,"empty, collecting, full",missing,Mockup implied.,Assets/ProjectOEN/GeneratedArtRuntime256/props_tools/pr_016_water_collector.png,aff8e77b2bb4d679cefc3897966692e1,256,256,True,generated_runtime_sprite
PR-017,Props & tools,Tool hammer / mallet,3D prop + texture ref,P1,"clean, worn",missing,Build interaction support.,Assets/ProjectOEN/GeneratedArtRuntime256/props_tools/pr_017_tool_hammer_mallet.png,ca22404d017830dd3642dcb2aa71ddfc,256,256,True,generated_runtime_sprite
PR-018,Props & tools,Knife / cutting tool,3D prop + texture ref,P2,"clean, worn",missing,Optional detail prop.,Assets/ProjectOEN/GeneratedArtRuntime256/props_tools/pr_018_knife_cutting_tool.png,ee5d4349bce600eb7e0489f9c96fc833,256,256,True,generated_runtime_sprite
PR-019,Props & tools,Anchor point peg,3D prop + texture ref,P1,"inactive, active",missing,Rope/ravine sequences.,Assets/ProjectOEN/GeneratedArtRuntime256/props_tools/pr_019_anchor_point_peg.png,a24e20ccd67bfa29aa806db2c8148c04,256,256,True,generated_runtime_sprite
PR-020,Props & tools,Shared-carry heavy box,3D prop + texture ref,P0,"idle, carried, placed",missing,Onboarding / co-op hero interaction.,Assets/ProjectOEN/GeneratedArtRuntime256/props_tools/pr_020_shared_carry_heavy_box.png,8e08366e0fd0bc0434a3292e01fb47cb,256,256,True,generated_runtime_sprite
CS-001,Construction states,Shelter – foundation,3D set + state art,P0,state 1 of 5,missing,Build progression.,Assets/ProjectOEN/GeneratedArtRuntime256/construction_states/cs_001_shelter_foundation.png,b030b52204ab1d59ce52aa99c69ab02a,256,256,True,generated_runtime_sprite
CS-002,Construction states,Shelter – partial frame,3D set + state art,P0,state 2 of 5,missing,Build progression.,Assets/ProjectOEN/GeneratedArtRuntime256/construction_states/cs_002_shelter_partial_frame.png,08e867d54035fce43fb26f1a9b10ec65,256,256,True,generated_runtime_sprite
CS-003,Construction states,Shelter – covered / usable,3D set + state art,P0,state 3 of 5,missing,Canonical usable shelter.,Assets/ProjectOEN/GeneratedArtRuntime256/construction_states/cs_003_shelter_covered_usable.png,e3b91519e666dac45f51acaabac7f750,256,256,True,generated_runtime_sprite
CS-004,Construction states,Shelter – damaged,3D set + state art,P0,state 4 of 5,missing,Storm aftermath state.,Assets/ProjectOEN/GeneratedArtRuntime256/construction_states/cs_004_shelter_damaged.png,b938a8968866003d4174482ea8cc8113,256,256,True,generated_runtime_sprite
CS-005,Construction states,Shelter – repaired / reinforced,3D set + state art,P1,state 5 of 5,missing,Post-storm or upgraded state.,Assets/ProjectOEN/GeneratedArtRuntime256/construction_states/cs_005_shelter_repaired_reinforced.png,d80db18c39dd56aeacf5c3795e5597ee,256,256,True,generated_runtime_sprite
CS-006,Construction states,Campfire – laid but unlit,3D set + state art,P0,state 1 of 5,missing,Fire setup state.,Assets/ProjectOEN/GeneratedArtRuntime256/construction_states/cs_006_campfire_laid_but_unlit.png,aa2515c1da72283f744455ca0d75cf73,256,256,True,generated_runtime_sprite
CS-007,Construction states,Campfire – ember,3D set + VFX ref,P0,state 2 of 5,missing,Low-energy fire state.,Assets/ProjectOEN/GeneratedArtRuntime256/construction_states/cs_007_campfire_ember.png,d1b2ed842a58eb12a5ef37bb60db5b6a,256,256,True,generated_runtime_sprite
CS-008,Construction states,Campfire – small flame,3D set + VFX ref,P0,state 3 of 5,missing,Core gameplay state.,Assets/ProjectOEN/GeneratedArtRuntime256/construction_states/cs_008_campfire_small_flame.png,a7bc8fddd5bc3a49f12bec35920037a1,256,256,True,generated_runtime_sprite
CS-009,Construction states,Campfire – strong flame,3D set + VFX ref,P0,state 4 of 5,missing,Best shelter warmth state.,Assets/ProjectOEN/GeneratedArtRuntime256/construction_states/cs_009_campfire_strong_flame.png,1bdced041ef56de5aeb04b073448eebe,256,256,True,generated_runtime_sprite
CS-010,Construction states,Campfire – nearly out / wet,3D set + VFX ref,P0,state 5 of 5,missing,Storm pressure state.,Assets/ProjectOEN/GeneratedArtRuntime256/construction_states/cs_010_campfire_nearly_out_wet.png,44c8f7c636ef37617be8198124f0d228,256,256,True,generated_runtime_sprite
CS-011,Construction states,Signal beacon – base,3D set + state art,P0,state 1 of 5,missing,Goal structure progression.,Assets/ProjectOEN/GeneratedArtRuntime256/construction_states/cs_011_signal_beacon_base.png,6864ac17c1ba4e6629fcdba6da24f196,256,256,True,generated_runtime_sprite
CS-012,Construction states,Signal beacon – partial,3D set + state art,P0,state 2 of 5,missing,Goal structure progression.,Assets/ProjectOEN/GeneratedArtRuntime256/construction_states/cs_012_signal_beacon_partial.png,fa282085b73e587f4c61a29c619e667e,256,256,True,generated_runtime_sprite
CS-013,Construction states,Signal beacon – complete,3D set + state art,P0,state 3 of 5,missing,Ready structure.,Assets/ProjectOEN/GeneratedArtRuntime256/construction_states/cs_013_signal_beacon_complete.png,232c26cb95d93eeaa5865ab982500455,256,256,True,generated_runtime_sprite
CS-014,Construction states,Signal beacon – lit / active,3D set + VFX ref,P0,state 4 of 5,missing,Victory path state.,Assets/ProjectOEN/GeneratedArtRuntime256/construction_states/cs_014_signal_beacon_lit_active.png,7bda63b2b8486e79b748c2fc563b94a3,256,256,True,generated_runtime_sprite
CS-015,Construction states,Signal beacon – storm-damaged,3D set + state art,P0,state 5 of 5,missing,Repair / finale tension.,Assets/ProjectOEN/GeneratedArtRuntime256/construction_states/cs_015_signal_beacon_storm_damaged.png,ccfdd920d41285997ebf3fdbc634fd7d,256,256,True,generated_runtime_sprite
CS-016,Construction states,Radio repair station,3D prop cluster,P1,"broken, mid-repair, repaired",missing,Scenario support state cluster.,Assets/ProjectOEN/GeneratedArtRuntime256/construction_states/cs_016_radio_repair_station.png,49f7cfcc79390f68c7bbcf35279c60d5,256,256,True,generated_runtime_sprite
WK-001,Interaction markers & helper UI,Grab prompt icon,World-space UI,P0,"idle, hover",missing,Core interaction.,Assets/ProjectOEN/GeneratedArtRuntime256/interaction_markers_helper_ui/wk_001_grab_prompt_icon.png,e0070ebe4cd2fe1901544c99b1a5917b,256,256,True,generated_runtime_sprite
WK-002,Interaction markers & helper UI,Two-hand carry prompt,World-space UI,P0,"idle, active",missing,Co-op carry readability.,Assets/ProjectOEN/GeneratedArtRuntime256/interaction_markers_helper_ui/wk_002_two_hand_carry_prompt.png,8c6cf24da75f9ef48626d87290964481,256,256,True,generated_runtime_sprite
WK-003,Interaction markers & helper UI,Snap zone highlight,World-space UI,P0,"off, preview, valid",missing,Placement system.,Assets/ProjectOEN/GeneratedArtRuntime256/interaction_markers_helper_ui/wk_003_snap_zone_highlight.png,57b45b8cd27e6fcfe52fcd3c8d885736,256,256,True,generated_runtime_sprite
WK-004,Interaction markers & helper UI,Rope anchor marker,World-space UI,P1,"inactive, valid",missing,Ravine gameplay.,Assets/ProjectOEN/GeneratedArtRuntime256/interaction_markers_helper_ui/wk_004_rope_anchor_marker.png,ba617a29cb196237798c6d2fe4bba46c,256,256,True,generated_runtime_sprite
WK-005,Interaction markers & helper UI,Objective marker,World-space UI,P0,"primary, secondary",missing,Navigation.,Assets/ProjectOEN/GeneratedArtRuntime256/interaction_markers_helper_ui/wk_005_objective_marker.png,d9524f02b777c68fc52fdde860b19c2e,256,256,True,generated_runtime_sprite
WK-006,Interaction markers & helper UI,Partner location ping,World-space UI,P1,"idle, active",missing,Co-op readability.,Assets/ProjectOEN/GeneratedArtRuntime256/interaction_markers_helper_ui/wk_006_partner_location_ping.png,e017412585913f8b90a39ffde5bb2b8d,256,256,True,generated_runtime_sprite
WK-007,Interaction markers & helper UI,Return object marker,World-space UI,P1,available,missing,Comfort/support function.,Assets/ProjectOEN/GeneratedArtRuntime256/interaction_markers_helper_ui/wk_007_return_object_marker.png,e28334542b275d78051fd80c3a1ac23c,256,256,True,generated_runtime_sprite
WK-008,Interaction markers & helper UI,Reset position marker,World-space UI,P1,available,missing,Comfort/support function.,Assets/ProjectOEN/GeneratedArtRuntime256/interaction_markers_helper_ui/wk_008_reset_position_marker.png,124c7a182429be26005b1600ea3ce4c5,256,256,True,generated_runtime_sprite
WK-009,Interaction markers & helper UI,Camp danger marker,World-space UI,P1,"low, medium, high",missing,Storm pressure communication.,Assets/ProjectOEN/GeneratedArtRuntime256/interaction_markers_helper_ui/wk_009_camp_danger_marker.png,6a67ccde04ec10cd26f9ed4dde36e287,256,256,True,generated_runtime_sprite
WK-010,Interaction markers & helper UI,Fire needs fuel marker,World-space UI,P0,warning,missing,Objective support.,Assets/ProjectOEN/GeneratedArtRuntime256/interaction_markers_helper_ui/wk_010_fire_needs_fuel_marker.png,79243d9c5f803fd3bbcc285a9190b739,256,256,True,generated_runtime_sprite
WK-011,Interaction markers & helper UI,Shelter needs repair marker,World-space UI,P0,warning,missing,Objective support.,Assets/ProjectOEN/GeneratedArtRuntime256/interaction_markers_helper_ui/wk_011_shelter_needs_repair_marker.png,f2ded25192e7bb984782bd1dc2520aac,256,256,True,generated_runtime_sprite
WK-012,Interaction markers & helper UI,Radio part insertion marker,World-space UI,P1,"preview, valid",missing,Repair interaction.,Assets/ProjectOEN/GeneratedArtRuntime256/interaction_markers_helper_ui/wk_012_radio_part_insertion_marker.png,3c8ff58c4be28e0b4ec961c650f54d8d,256,256,True,generated_runtime_sprite
WK-013,Interaction markers & helper UI,Planning board interact marker,World-space UI,P0,"idle, active",missing,Planning phase usability.,Assets/ProjectOEN/GeneratedArtRuntime256/interaction_markers_helper_ui/wk_013_planning_board_interact_marker.png,a727bb1f03bca8dc8dbb4c43b3076f57,256,256,True,generated_runtime_sprite
WK-014,Interaction markers & helper UI,Subtitle speaker indicator,UI helper,P1,"player1, player2, radio",missing,Accessibility support.,Assets/ProjectOEN/GeneratedArtRuntime256/interaction_markers_helper_ui/wk_014_subtitle_speaker_indicator.png,cbdc0b92ce9adb2f2d77f805eb885089,256,256,True,generated_runtime_sprite
WK-015,Interaction markers & helper UI,Pause / reconnect overlay icons,UI overlay,P1,"paused, reconnecting, failed",missing,Meta flow support.,Assets/ProjectOEN/GeneratedArtRuntime256/interaction_markers_helper_ui/wk_015_pause_reconnect_overlay_icons.png,f66ad939c4599229314314c610b18e5e,256,256,True,generated_runtime_sprite
EN-001,Environment set dressing,Shipwreck hull chunk,3D prop cluster,P0,"large, medium",missing,Beach scene anchor.,Assets/ProjectOEN/GeneratedArtRuntime256/environment_set_dressing/en_001_shipwreck_hull_chunk.png,feb601c24247509ea5490284e4e7decc,256,256,True,generated_runtime_sprite
EN-002,Environment set dressing,Broken plank pile,3D prop cluster,P0,"small, medium, large",missing,Beach dressing.,Assets/ProjectOEN/GeneratedArtRuntime256/environment_set_dressing/en_002_broken_plank_pile.png,59776b2cbcef04aa143ddfb752b57092,256,256,True,generated_runtime_sprite
EN-003,Environment set dressing,Barrel / container wreckage,3D prop cluster,P1,"closed, broken",missing,Beach dressing.,Assets/ProjectOEN/GeneratedArtRuntime256/environment_set_dressing/en_003_barrel_container_wreckage.png,e66c2f49c3f3563510ea012d696d3bc9,256,256,True,generated_runtime_sprite
EN-004,Environment set dressing,Rope debris set,3D prop cluster,P1,"small, medium",missing,Beach dressing.,Assets/ProjectOEN/GeneratedArtRuntime256/environment_set_dressing/en_004_rope_debris_set.png,8c55ef25ec82def25b58191393151efc,256,256,True,generated_runtime_sprite
EN-005,Environment set dressing,Beach stone cluster,3D prop cluster,P1,"small, medium, large",missing,Set dressing.,Assets/ProjectOEN/GeneratedArtRuntime256/environment_set_dressing/en_005_beach_stone_cluster.png,99501c61ef2c3fb72d8b6d7b890057da,256,256,True,generated_runtime_sprite
EN-006,Environment set dressing,Driftwood cluster,3D prop cluster,P1,"small, medium, large",missing,Set dressing.,Assets/ProjectOEN/GeneratedArtRuntime256/environment_set_dressing/en_006_driftwood_cluster.png,7692ee472e9a43a5048e08b44cdef958,256,256,True,generated_runtime_sprite
EN-007,Environment set dressing,Palm tree variant set,3D vegetation,P0,"young, mature, broken",missing,Macro environment.,Assets/ProjectOEN/GeneratedArtRuntime256/environment_set_dressing/en_007_palm_tree_variant_set.png,794922ceb709a9d20b591645b2e2adcd,256,256,True,generated_runtime_sprite
EN-008,Environment set dressing,Palm frond ground clutter,3D vegetation,P1,"small, medium",missing,Ground dressing.,Assets/ProjectOEN/GeneratedArtRuntime256/environment_set_dressing/en_008_palm_frond_ground_clutter.png,d7226e1f272af2e610aeba3bedf8781b,256,256,True,generated_runtime_sprite
EN-009,Environment set dressing,Broadleaf bush set,3D vegetation,P0,"small, medium, dense",missing,Jungle readability.,Assets/ProjectOEN/GeneratedArtRuntime256/environment_set_dressing/en_009_broadleaf_bush_set.png,5250f5b08a566079d6b7f708ee2e0015,256,256,True,generated_runtime_sprite
EN-010,Environment set dressing,Vine cluster set,3D vegetation,P1,"short, hanging, dense",missing,Jungle detail.,Assets/ProjectOEN/GeneratedArtRuntime256/environment_set_dressing/en_010_vine_cluster_set.png,6536eb6e809f13fcd2e8bd491cd2ca6e,256,256,True,generated_runtime_sprite
EN-011,Environment set dressing,Wet mud / puddle decal set,Material / decal,P1,"small, medium, large",missing,Storm atmosphere.,Assets/ProjectOEN/GeneratedArtRuntime256/environment_set_dressing/en_011_wet_mud_puddle_decal_set.png,3889acd35f8332c541008a98bb7433ec,256,256,True,generated_runtime_sprite
EN-012,Environment set dressing,Rock wall module,3D environment module,P0,"straight, corner, ledge",missing,Ravine / cliff scenes.,Assets/ProjectOEN/GeneratedArtRuntime256/environment_set_dressing/en_012_rock_wall_module.png,4e0f31430e7bbcae2a22f5ff75f1db64,256,256,True,generated_runtime_sprite
EN-013,Environment set dressing,Cliff edge grass set,3D vegetation,P1,"short, dense",missing,Ravine dressing.,Assets/ProjectOEN/GeneratedArtRuntime256/environment_set_dressing/en_013_cliff_edge_grass_set.png,3a928c5f722e47d1a02cbe72b40ad4b6,256,256,True,generated_runtime_sprite
EN-014,Environment set dressing,Cave wall module,3D environment module,P1,"straight, corner, arch",missing,Cave scene support.,Assets/ProjectOEN/GeneratedArtRuntime256/environment_set_dressing/en_014_cave_wall_module.png,df5052df0ba0f0e5a4a70894383c440c,256,256,True,generated_runtime_sprite
EN-015,Environment set dressing,Cave floor debris set,3D prop cluster,P1,"stones, branches",missing,Cave dressing.,Assets/ProjectOEN/GeneratedArtRuntime256/environment_set_dressing/en_015_cave_floor_debris_set.png,3e900eccc659dce66a997bf9f2b1267b,256,256,True,generated_runtime_sprite
EN-016,Environment set dressing,Camp mat / groundsheet,3D prop cluster,P1,"clean, worn, wet",missing,Camp dressing.,Assets/ProjectOEN/GeneratedArtRuntime256/environment_set_dressing/en_016_camp_mat_groundsheet.png,4dfdf30d6cd2cd1a6116b180cabeb1f1,256,256,True,generated_runtime_sprite
EN-017,Environment set dressing,Cooking corner set,3D prop cluster,P1,"pot, crate, utensils",missing,Camp dressing.,Assets/ProjectOEN/GeneratedArtRuntime256/environment_set_dressing/en_017_cooking_corner_set.png,b15c380d75dc683712a86612096b318f,256,256,True,generated_runtime_sprite
EN-018,Environment set dressing,Storage corner set,3D prop cluster,P1,"crate, sack, poles",missing,Camp dressing.,Assets/ProjectOEN/GeneratedArtRuntime256/environment_set_dressing/en_018_storage_corner_set.png,5e645e9ab04ade50ee8e398f911b383c,256,256,True,generated_runtime_sprite
EN-019,Environment set dressing,Signal hill dressing set,3D prop cluster,P1,"logs, ropes, stones",missing,Beacon area dressing.,Assets/ProjectOEN/GeneratedArtRuntime256/environment_set_dressing/en_019_signal_hill_dressing_set.png,5d963cb5c361ff8e94965c018bd77900,256,256,True,generated_runtime_sprite
EN-020,Environment set dressing,Rain catcher placement set,3D prop cluster,P1,"frame, cloth, basin",missing,Derived from mockups.,Assets/ProjectOEN/GeneratedArtRuntime256/environment_set_dressing/en_020_rain_catcher_placement_set.png,4e81a8a3c3e976a5bef344426a31cd1d,256,256,True,generated_runtime_sprite
EN-021,Environment set dressing,Torch stand,3D prop cluster,P2,"unlit, lit",missing,Night readability.,Assets/ProjectOEN/GeneratedArtRuntime256/environment_set_dressing/en_021_torch_stand.png,503327d178b38b8199d8b7c1f50628e6,256,256,True,generated_runtime_sprite
EN-022,Environment set dressing,Path marker stakes,3D prop cluster,P1,"plain, cloth-marked",missing,Navigation hinting.,Assets/ProjectOEN/GeneratedArtRuntime256/environment_set_dressing/en_022_path_marker_stakes.png,9482a0493c782ae42742af00b7315a5b,256,256,True,generated_runtime_sprite
EN-023,Environment set dressing,Storm damage debris set,3D prop cluster,P1,"broken shelter parts, loose cloth",missing,Finale aftermath.,Assets/ProjectOEN/GeneratedArtRuntime256/environment_set_dressing/en_023_storm_damage_debris_set.png,ecffea446630d5a00a25a300bf63b42e,256,256,True,generated_runtime_sprite
EN-024,Environment set dressing,Camp boundary rope set,3D prop cluster,P2,"slack, taut",missing,Optional spatial framing.,Assets/ProjectOEN/GeneratedArtRuntime256/environment_set_dressing/en_024_camp_boundary_rope_set.png,c6bb369f42be778e5e989984ea8188ac,256,256,True,generated_runtime_sprite
EN-025,Environment set dressing,Water shoreline foam decal,Material / decal,P2,"calm, storm",missing,Beach polish.,Assets/ProjectOEN/GeneratedArtRuntime256/environment_set_dressing/en_025_water_shoreline_foam_decal.png,d9e3616a81000c9cb6f765e2a53df36b,256,256,True,generated_runtime_sprite
MN-001,Menus & meta screens,Main menu background,UI scene art,P1,"neutral, storm",missing,Startup presentation.,Assets/ProjectOEN/GeneratedArtRuntime256/menus_meta_screens/mn_001_main_menu_background.png,75ebc7eb62e0f279e4092867502e9c3a,256,256,True,generated_runtime_sprite
MN-002,Menus & meta screens,Lobby panel,UI panel,P0,"host, client, connected",missing,Pre-game flow.,Assets/ProjectOEN/GeneratedArtRuntime256/menus_meta_screens/mn_002_lobby_panel.png,85f1e736ee5e0f10432a216b84b8d1a6,256,256,True,generated_runtime_sprite
MN-003,Menus & meta screens,Comfort settings panel,UI panel,P0,default,missing,Required UX.,Assets/ProjectOEN/GeneratedArtRuntime256/menus_meta_screens/mn_003_comfort_settings_panel.png,0dbd99dcc648238fe05e18bd4c5b5aa1,256,256,True,generated_runtime_sprite
MN-004,Menus & meta screens,Pause menu panel,UI panel,P0,default,missing,Required UX.,Assets/ProjectOEN/GeneratedArtRuntime256/menus_meta_screens/mn_004_pause_menu_panel.png,8ef27b68a91a1f74e2ae94cc6c784e60,256,256,True,generated_runtime_sprite
MN-005,Menus & meta screens,Reconnect screen,UI panel,P0,"trying, failed, success",missing,Required UX.,Assets/ProjectOEN/GeneratedArtRuntime256/menus_meta_screens/mn_005_reconnect_screen.png,35d90bc041f84f200987a750dba72544,256,256,True,generated_runtime_sprite
MN-006,Menus & meta screens,Subtitle settings panel,UI panel,P1,default,missing,Accessibility.,Assets/ProjectOEN/GeneratedArtRuntime256/menus_meta_screens/mn_006_subtitle_settings_panel.png,ab1c61acace60508467a4a19cdc44bf7,256,256,True,generated_runtime_sprite
MN-007,Menus & meta screens,Scenario select card,UI panel,P1,"Stormnatten, locked future scenario",missing,Future-ready UI.,Assets/ProjectOEN/GeneratedArtRuntime256/menus_meta_screens/mn_007_scenario_select_card.png,cc90d86c0f9b6adfa8ff1985fbff60cc,256,256,True,generated_runtime_sprite
MN-008,Menus & meta screens,End-of-run summary card,UI panel,P1,"success, failure",missing,Postgame.,Assets/ProjectOEN/GeneratedArtRuntime256/menus_meta_screens/mn_008_end_of_run_summary_card.png,43e89104ef77a72d7e6f5baa8f0b9a0f,256,256,True,generated_runtime_sprite
MN-009,Menus & meta screens,Player accolade badge set,UI badge,P1,"survivor, builder, rescuer etc.",missing,Postgame stats flavor.,Assets/ProjectOEN/GeneratedArtRuntime256/menus_meta_screens/mn_009_player_accolade_badge_set.png,bb9f508641d99d18d0d432607d32d41b,256,256,True,generated_runtime_sprite
MN-010,Menus & meta screens,Credits / thank you panel,UI panel,P2,default,missing,Gift-version polish.,Assets/ProjectOEN/GeneratedArtRuntime256/menus_meta_screens/mn_010_credits_thank_you_panel.png,d74ef510f6964f90072febb2ab589ebe,256,256,True,generated_runtime_sprite
FX-001,VFX support graphics,Smoke flipbook texture,VFX texture,P1,"small, medium",missing,Campfire / signal fire.,Assets/ProjectOEN/GeneratedArtRuntime256/vfx_support_graphics/fx_001_smoke_flipbook_texture.png,0b17f7ea9b09faff2165c27c40eb6671,256,256,True,generated_runtime_sprite
FX-002,VFX support graphics,Ember particle texture,VFX texture,P1,"small, medium",missing,Campfire / signal fire.,Assets/ProjectOEN/GeneratedArtRuntime256/vfx_support_graphics/fx_002_ember_particle_texture.png,f30c51470b6bb320baafc12b46796849,256,256,True,generated_runtime_sprite
FX-003,VFX support graphics,Ash particle texture,VFX texture,P2,single,missing,Storm aftermath.,Assets/ProjectOEN/GeneratedArtRuntime256/vfx_support_graphics/fx_003_ash_particle_texture.png,be5bde7076102f022763c565672855e7,256,256,True,generated_runtime_sprite
FX-004,VFX support graphics,Rain splash decal texture,VFX texture,P1,"small, medium",missing,Storm ambience.,Assets/ProjectOEN/GeneratedArtRuntime256/vfx_support_graphics/fx_004_rain_splash_decal_texture.png,0ddb53da5e476dfcfe9baf72b28420f2,256,256,True,generated_runtime_sprite
FX-005,VFX support graphics,Wet sheen mask texture,VFX/material helper,P1,single,missing,Wet objects look.,Assets/ProjectOEN/GeneratedArtRuntime256/vfx_support_graphics/fx_005_wet_sheen_mask_texture.png,925156de92ef533c551c26e1ec9cf85d,256,256,True,generated_runtime_sprite
FX-006,VFX support graphics,Lightning flash overlay,Screen effect,P1,"near, far",missing,Storm dramatics.,Assets/ProjectOEN/GeneratedArtRuntime256/vfx_support_graphics/fx_006_lightning_flash_overlay.png,583316e031db7ce42f10ec9bc85ee055,256,256,True,generated_runtime_sprite
FX-007,VFX support graphics,Glow halo texture,VFX texture,P1,"fire, lantern",missing,Simple bloom support.,Assets/ProjectOEN/GeneratedArtRuntime256/vfx_support_graphics/fx_007_glow_halo_texture.png,001dd0c5cb1adff817e13423a0bb29b2,256,256,True,generated_runtime_sprite
FX-008,VFX support graphics,Objective pulse ring,VFX/UI hybrid,P1,"small, medium",missing,World markers.,Assets/ProjectOEN/GeneratedArtRuntime256/vfx_support_graphics/fx_008_objective_pulse_ring.png,ab39e3645f209518b32de5dbcd696900,256,256,True,generated_runtime_sprite
